Seq-Name,Sequences
L6A/L17A,KWKSFAKTFKSAKKTVAHTALKAISS
L17A/L21A,KWKSFLKTFKSAKKTVAHTAAKAISS
L17A,KWKSFLKTFKSAKKTVAHTALKAISS
L21A,KWKSFLKTFKSAKKTVAHTAAKAISS
L6A,KWKSFAKTFKSAKKTVLHTALKAISS	
P,KWKSFLKTFKSAKKTVLHTALKAISS
A12L,KWKSFLKTFKSLKKTVLHTALKAISS
A20L,KWKSFLKTFKSAKKTVLHTLLKAISS
A12L/A20L,KWKSFLKTFKSLKKTVLHTLLKAISS
A12L/A20L/A23L	,KWKSFLKTFKSLKKTVLHTLLKLISS
L6A/L17A,KWKSFAKTFKSAKKTVAHTALKAISS
L17A/L21A,KWKSFLKTFKSAKKTVAHTAAKAISS	
L17A,KWKSFLKTFKSAKKTVAHTALKAISS
L21A,KWKSFLKTFKSAKKTVAHTAAKAISS
L6A,KWKSFAKTFKSAKKTVLHTALKAISS
P,KWKSFLKTFKSAKKTVLHTALKAISS	
A12L,KWKSFLKTFKSLKKTVLHTALKAISS
A20L,KWKSFLKTFKSAKKTVLHTLLKAISS
A12L/A20L,KWKSFLKTFKSLKKTVLHTLLKAISS
A12L/A20L/A23L,KWKSFLKTFKSLKKTVLHTLLKLISS
Temporin-La,LLRHVVKILEKYL
Temporin-Las,LLRHVVKILSKYL
RGD-La,RGDLLRHVVKILEKYL
RGD-Las,RGDLLRHVVKILSKYL
Hecate AC,FALALKALKKALKKLKKALKKAL
Hecate AM,FALALKALKKALKKLKKALKKAL
SB-37 AC,MPKWKVFKKIEKVGRNIRNGIVKAGPAIAVLGEAKALG
SB-37 AM,MPKWKVFKKIEKVGRNIRNGIVKAGPAIAVLGEAKALG
SHIVA 10 AC,FAKKLAKKLKKLAKKLAKLALAL
FLAK01 AM,FALAAKALKKLAKKLKKLAKKAL
FLAK03 AM,FALALKALKKLLKKLKKLAKKAL
FLAK04 AM,FALALKALKKLAKKLKKLAKKAL
FLAK05 AM,FALAKLAKKAKAKLKKALKAL
FLAK06 AM	,FALALKALKKLKKALKKAL
FLAK06 AC,FALALKALKKLKKALKKAL
FLAK06 AM,FAKKLAKKLKKLAKLALAL
KAL V,VALALKALKKALKKLKKALKKAL
FLAK 17 AMV,FALALKKALKALKKAL
FLAK 26 AM,FAKKLAKLAKKLAKLAL
FLAK 25 AM,FAKKLAKLAKKLAKLALAL
HECATE 2DAc,FALALKALKKALkkLKKALKKAL
FLAK43 AM,FAKKLAKLAKKLLAL
FLAK44 AM,FAKKLAKLAKKALAL
FLAK62 AM,FALAKKALKKAKKAL
FLAK 06R-AM,FAKKLAKKLKKLAKLALAK
MSI-78 AM,GIGKFLKKAKKFGKAFVKILKK
FLAK50,FAKLLAKLAKKLL
FLAK51,FAKKLAKLALKLAKL
FLAK57,FAKKLAKKLAKLAL
FLAK71,FAKKLKKLAKLAKKL
FLAK77,FAKKALKALKKL
FLAK50V,VAKLLAKLAKKLL
FLAK50F,FAKLLAKLAKKL
FLAK26V AM,VAKKLAKLAKKLAKLAL
CAME-15,KWKLFKKIGAVLKVL
FLAK50C,FAKLLAKLAKKAL
FLAK50D,FAKLLAKALKKLL
FLAK 50E,FAKLLKLAAKKLL
FLAK80,FAKLLAKKLL
FLAK81,FAKKLAKALL
FLAK82,FAKKLAKKLL
FLAK83M,FAKLAKKLL
FLAK 26 Ac,FAKKLAKLAKKLAKLAL
Indolicidin,ILPWKWPWWPWRR
FLAK 17 C,FAKALKALLKALKAL
FLAK 50H,FAKLLAKLAKAKL
FLAK 50G,FAKLLAKLAKLKL
SHIVA DERIV P69 + KWKL,FAKKLAKKLKKLAKKLAKKWKL
Shiva 10(1-18 AC),FAKKLAKKLKKLAKKLAK
SHIVA 10 PEPTIDE 71 + KWKL,FAKKLAKKLKKLAKKLAKKWKL
CA(1-7)Shiva10(1-16)	,KWKLFKKKTKLFKKFAKKLAKKL
FLAK 54,FAKKLAKKLAKAL
FLAK 56,FAKKLAKKLAKLL
FLAK 58,FAKKLAKKLAKAAL
FLAK 72,FAKKLAKKAKLAKKL
FLAK 75,FAKKLKKLAKKL
SHIVA 10 (1-16)	,KTKLFKKFAKKLAKKLKKLAKKL
CA(1-7) Shiva10(1-16),KWKLFKKKTKLFKKFAKKLAKKL
Indolocidin-ac,ILPWKWPWWPWRR
FLAK50B,FAKALAKLAKKLL
FLAK50J,FAKLLAKLAKKAA
FLAK50I,FAKLLALALKLKL
FLAK50K,FAKLLAKLAKAKA
FLAK50L,FAKLLAKLAKAKG
Shiva-11,FAKKLAKKLKKLAKKLAKLALALKALALKAL
SHIVA 11[(1-16)ME(2-9]-COOH,FAKKLAKKLKKLAKKLIGAVLKV
FLAK 50N,FAKLLAKALKLKL
FLAK 50O,FAKLLAKALKKAL
FLAK 50P,FAKLLAKALKKL
CA(1-& HECATE(11/23),KWKLFKKALKKLKKALKKAL
PYL-ME,KIAKVALAKLGIGAVLKVLTTGL
FLAG26-D1,FAKKLAKLAKKL
VISHNU3,MPKEKVFLKIEKMGRNIRN
MELITTIIN,GIGAVLKVLTTGLPALISWIKRKRQQ
FLAK26-D2,FAKKLAKLAKKLAKAL
FLAG26-D3	,FAKKLLAKALKL
FLAK50 Q1,FAKFLAKFLKKAL
FLAK50 Q2	,FAKLLFKALKKAL
FLAK50 Q3	,FAKLLAKFLKKAL
FLAK50 Q4,FAKLLAKAFKKAL
